Ingredient,Drink recipe,Drink recipe page
Cane sugar syrup,Flor de Jerez,107
Simple syrup,Daiquiri,113
House sweet vermouth,Manhattan,115
Demerara syrup,Conference,137
Acacia honey syrup,Airmail,139
Simple syrup,Aviation,139
Cane sugar syrup,Bamboo,140
Acacia honey syrup,Bee's knees,140
House sweet vermouth,Blood and sand,140
House sweet vermouth,Bobby Burns,140
House sweet vermouth,Boulevardier,140
Acacia honey syrup,Brown derby,140
Simple syrup,Caipirnha,141
Cane sugar syrup,Champs-Élysées,141
Passion fruit syrup,Cobra's fang,141
Cinnamon bark syrup,Cobra's fang,141
Ginger syrup,Cobra's fang,141
Cane sugar syrup,Daiquiri,141
Ginger syrup,Dark and stormy,142
Simple syrup,Fitzgerald,142
Orgeat,Flamenco,142
Cane sugar syrup,French 75,143
Cane sugar syrup,French 95,143
Toby's lime cordial,Gimlet,143
Simple syrup,Gin fizz,143
Simple syrup,Gin rickey,143
Acacia honey syrup,Honeysuckle,144
Grenadine,Jack Rose,144
House sweet vermouth,Manhattan,145
House sweet vermouth,Martinez,145
House orange bitters,Martinez,145
House orange bitters,Martini,145
Cane sugar syrup,Mexican firing squad,145
Grenadine,Mexican firing squad,145
Simple syrup,Mint julep,147
Simple syrup,Mojito,147
Ginger syrup,Moscow mule,147
Coffee-infused Carpano Antica Formula vermouth,Mudslide flip,147
Demerara syrup,Mudslide flip,147
House sweet vermouth,Negroni,147
Demerara syrup,Old-fashioned,147
Simple syrup,Paloma,148
Pendennis mix,Pendennis Club cocktail,148
House Peychaud's bitters,Pendennis Club cocktail,148
House orange bitters,Ping-pong cocktail,148
Acacia honey syrup,Pink lady,148
Grenadine,Pink lady,148
Simple syrup,Pisco sour,149
Grenadine,Port au Prince,149
Ginger syrup,Port au Prince,149
Simple syrup,Queen's Park swizzle,150
House Peychaud's bitters,Queen's Park swizzle,150
Simple syrup,Ramos gin fizz,150
Donn's spices #2,Rum julep,150
Acacia honey syrup,Rum julep,150
Demerara syrup,Sazerac,151
Grenadine,Scofflaw,151
Cane sugar syrup,Sidecar,151
Grenadine,Singapore sling,151
Cane sugar syrup,South Side,151
Simple syrup,Stinger,152
House orange bitters,Tailspin,152
Cane sugar syrup,Ti punch,152
Simple syrup,Tom Collins,152
Demerara syrup,Toronto,152
House Peychaud's bitters,Vieux Carré,153
Simple syrup,Ward 8,153
Simple syrup,Whiskey sour,153
Zombie mix,Zombie punch,153
Donn's spices #2,Zombie punch,153
Pennyroyal-infused Hayman's Old Tom gin,Anjou mama,154
Orgeat,Anjou mama,154
Cinnamon bark syrup,Anjou mama,154
Acacia honey syrup,Anjou mama,154
Simple syrup,Bella luna,154
Demerara syrup,Cádiz Collins,154
Donn's spices #2,City of Gold sling,155
Orgeat,City of Gold sling,155
House Peychaud's bitters,City of Gold sling,155
Simple syrup,Frisco Club,155
Acacia honey syrup,Gin hound,155
Orgeat,Good Humor,157
Vanilla syrup,Good Humor,157
Simple syrup,Gypsy eyes,157
Toasted fennel salt,Gypsy wedding,157
Acacia honey syrup,Gypsy wedding,157
Scarlet glow syrup,Kew Gardens cooler,157
Simple syrup,Mortal enemy,158
Orgeat,Overhead smash,158
Ginger syrup,Overhead smash,158
House orange bitters,Overhead smash,158
Szechuan peppercorn-infused Plymouth gin,Petticoat,159
Cane sugar syrup,Petticoat,159
Simple syrup,Pink elephant,159
Orgeat,Pink flag,159
Grenadine,Pretty bird,159
Cinnamon bark syrup,Pretty bird,159
Donn's spices #2,Queen palm,159
Cane sugar syrup,Queen palm,159
Simple syrup,Ramble,160
Simple syrup,Rigadoon,160
Simple syrup,The Risk Pool,160
Orgeat,Sunset gun,161
Sugar snap pea-infused Plymouth gin,Tenement yard,161
Orgeat,Tenement yard,161
Donn's spices #2,Tom bomb,161
Orgeat,Tom bomb,161
Acacia honey syrup,Tom bomb,161
Szechuan peppercorn-infused Plymouth gin,Waterloo sunset,161
Cane sugar syrup,Botany of Desire,162
House orange bitters,Botany of Desire,162
Grapefruit-infused Punt e Mes,Dick Brautigan,162
Coffee-infused Carpano Antica Formula vermouth,Hostage situation,163
Cane sugar syrup,Howlin' at the moon,163
House orange bitters,Imperial march,163
Vanilla syrup,Jesper Lind,165
House orange bitters,Jesper Lind,165
House Peychaud's bitters,Light and day,165
Simple syrup,Mainland,166
House sweet vermouth,May Fair,166
House Peychaud's bitters,May Fair,166
Jalapeño-infused Siembra Azul blanco tequila,Mexi-gin Martini,166
Orgeat,The Monroe,166
House Peychaud's bitters,The Monroe,166
House orange bitters,The Monroe,166
Acacia honey syrup,Moon cocktail,167
Simple syrup,Night watch,167
Cinnamon bark syrup,Sentimental syrup,169
Simple syrup,Summer Shack,169
Demerara syrup,Sure shot,169
House orange bitters,Sure shot,169
Cane sugar syrup,Wooden ship,169
Ginger syrup,Boo-ya cachaça,170
Strawberry-balsamic gastrique,Caribbean shrub,170
Cane sugar syrup,Caribbean shrub,170
Ginger syrup,Company buck,170
Cane sugar syrup,Flor de Jerez,171
Ginger syrup,Get lucky,171
Orgeat,Get lucky,171
Acacia honey syrup,Get lucky,171
House Peychaud's bitters,Get lucky,171
Simple syrup,Gift shop,172
Vanilla syrup,The Great Pretender,172
Cinnamon bark syrup,The Great Pretender,172
Simple syrup,The Green Mile,172
Vanilla syrup,Julius Orange,172
Cane sugar syrup,Kerala ,172
House Peychaud's bitters,Kerala ,172
Orgeat,Koko B. Ware,173
Vanilla syrup,Koko B. Ware,173
Donn's spices #2,Patois punch,173
Pumpkin puree,Patois punch,173
Donn's spices #2,Pelée's blood,173
Grenadine,Pelée's blood,173
Cane sugar syrup,Pelée's blood,173
Grenadine,Sea B3,173
Cinnamon bark syrup,Seersucker,174
Cinnamon bark syrup,Sling of Aphrodite,174
Vanilla syrup,Amityville,175
Cane sugar syrup,Angie's secret,175
Demerara syrup,Arrack strap,175
House orange bitters,Arrack strap,175
Demerara syrup,Bumboo,176
Vanilla syrup,Bumboo,176
House Peychaud's bitters,Bumboo ,176
Chamomile-infused Old Overholt rye,Cobra verde,176
Coffee-infused Carpano Antica Formula vermouth,Cobra verde,176
Demerara syrup,Cobra verde,176
Cane sugar syrup,Hadley's tears,178
Cane sugar syrup,Hispaniola,178
Ginger syrup,Hispaniola,178
Demerara syrup,Passing Aden,179
Pineapple-infused Flor de Caña extra-dry white rum,Piña Colada deconstruction,179
Cane sugar syrup,Piña Colada deconstruction,179
Grenadine,Puerto Rican racer,179
Banana chip-infused Gosling's Black Seal rum',Velvet Warhol,180
Simple syrup,Aka Cobbler,181
Jalapeño-infused Siembra Azul blanco tequila,Aka Cobbler,181
Orgeat,Almond brother,181
Orgeat,Chingon,182
Jalapeño-infused Siembra Azul blanco tequila,Cinder,182
Simple syrup,Cinder,182
Cinnamon bark syrup,Cinnamon girl,182
Cane sugar syrup,Cinnamon girl,182
House orange bitters,Cinnamon girl,182
Ginger syrup,Dhalgren,182
Grenadine,Dos besitos,182
Jalapeño-infused Siembra Azul blanco tequila,El compañero,183
Donn's mix #1,Espadin queen,183
Cane sugar syrup,Espadin queen,183
Jalapeño-infused Siembra Azul blanco tequila,Fresa brava,183
Simple syrup,Fresa brava,183
Cinnamon bark syrup,Gilda cocktail,183
Grenadine,Glandula del mono,184
Vanilla syrup,Golden beautiful,184
Passion fruit syrup,Golden beautiful,184
Kumquat cordial,Head spin,184
Vanilla syrup,Head spin,184
Spicy sugar and salt,In-sandiary,184
Simple syrup,In-sandiary,184
Simple syrup,La valentina,184
Acacia honey syrup,Pinche chivo,187
Jalapeño-infused Siembra Azul blanco tequila,Short rib,187
Simple syrup,Short rib,187
Simple syrup,Silver monk,187
Cacao nib-infused Cabeza blanco tequila,Single origin,187
Cane sugar syrup,Single origin,187
Cinnamon bark syrup,Smoked horchata,187
House horchata,Smoked horchata,187
Jalapeño-infused Siembra Azul blanco tequila,Southern exposure,188
Cane sugar syrup,Southern exposure,188
Red bell pepper puree,Southern exposure,188
Jalapeño-infused Siembra Azul blanco tequila,Spicy Paloma,188
Simple syrup,Spicy Paloma,188
Simple syrup,St. Matilda,188
Acacia honey syrup,Village to village,189
Ginger syrup,Village to village,189
Cinnamon bark syrup,Alta California,190
Coffee-infused Carpano Antica Formula vermouth,Dale Cooper,190
Cinnamon bark syrup,Dale Cooper,190
Jalapeño-infused Siembra Azul blanco tequila,Green and red,191
Jalapeño-infused Siembra Azul blanco tequila,Hot lips,191
Vanilla syrup,Hot lips,191
Cane sugar syrup,Hot lips,191
Donn's spices #2,Last train to Oaxaca,191
Vanilla syrup,Perfect crime,193
House orange bitters,Perfect crime,193
Earl Grey-infused Dolin Blanc vermouth,Prima China,193
Watermelon-infused Dolin Dry vermouth,Rebel rebel,193
House orange bitters,Rebel rebel,193
House orange bitters,Saramago,193
House orange bitters,Spaghetti western,194
Lapsang souchong-infused Siembra Azul blanco tequila,Spanish caravan,195
House orange bitters,Te amo,195
House orange bitters,Terrible love,195
Spiced pear-infused Siembra Azul blanco tequila,Vipera,195
Jalapeño-infused Siembra Azul blanco tequila,Yama blanca,195
Simple syrup,202 Steps,197
Cane sugar syrup,Banks of Islay,197
Grenadine,Banks of Islay,197
Cinnamon bark syrup,Blazing saddles,197
Chamomile-infused Old Overholt rye,Blown rose,198
Cinnamon bark syrup,Blown rose,198
Vanilla syrup,Blue run sling,198
House orange bitters,Blue run sling,198
Acacia honey syrup,Castle to castle,198
Orgeat,Crane kick,198
Lavender-infused Bernheim Original wheat whiskey,Dangerous liaisons,198
Acacia honey syrup,Dangerous liaisons,198
Ginger syrup,Deadpan fix,199
Simple syrup,Double fill-up,199
Fig-infused Elijah Craig bourbon,Dr. Feelgood,199
Orgeat,Dr. Feelgood,199
Ginger syrup,Dr. Feelgood,199
Orgeat,Eye of the Torino,200
Vanilla syrup,Eye of the Torino,200
Orgeat,Fix me up,200
Fuji apple-infused Famous Grouse scotch,Grouse rampant,200
Acacia honey syrup,Grouse rampant,200
Cinnamon bark syrup,Grouse rampant,200
House Peychaud's bitters,Grouse rampant,200
Cane sugar syrup,Honshu punch,200
Ginger syrup,Monongahela mule,201
Simple syrup,Mrs. Doyle,201
Chamomile-infused Old Overholt rye,Paddy melt,201
Cane sugar syrup,Paddy melt,201
Simple syrup,Scotch lady,202
Grenadine,Scotch lady,202
Simple syrup,Straw dog,202
Simple syrup,Swearengen sling,202
Orgeat,Sweep the leg,202
Acacia honey syrup,Sweep the leg,202
Simple syrup,Vampire blues,203
Chamomile-infused bianco vermouth,Vejk sling,203
Simple syrup,Vejk sling,203
House orange bitters,Vejk sling,203
Orgeat,Warehouse C,203
Cinnamon bark syrup,Warehouse C,203
Ginger syrup,Warehouse C,203
Ginger syrup,Whirling tiger,203
House Peychaud's bitters,Bella Cohen,204
Cinnamon orange tea-infused sweet vermouth,Black market Manhattan,204
Pecan-infused Buffalo Trace bourbon,Buffalo soldier,204
Demerara syrup,Buffalo soldier,204
Cumin syrup,Faithful Scotsman,206
Cinnamon bark syrup,Four in hand,206
Chamomile-infused Old Overholt rye,La dolce vita,206
House orange bitters,Manhattan transfer,206
House Peychaud's bitters,Scotch dram,208
House Peychaud's bitters,Shruff's end,208
Coconut green tea-infused Famous Grouse scotch,Tea in the Sahara,208
Acacia honey syrup,Tea in the Sahara,208
Chamomile-infused Old Overholt rye,Trembling bell,209
Acacia honey syrup,Trembling bell,209
Banana syrup,Banana cognac,210
Orgeat,Banana cognac,210
Braeburn apple syrup,Don't sit under the apple tree,210
Acacia honey syrup,Enchanted orchard,210
Cinnamon bark syrup,Ginger snap,210
Ginger syrup,Ginger snap,210
Cinnamon bark syrup,Heart-shaped box,211
Dried currant-infused Wild Turkey rye,Hoi polloi,211
Simple syrup,Hoi polloi,211
Simple syrup,Joker's wild,211
Vanilla syrup,Joker's wild,211
Strawberry- and pineapple-infused Macchu pisco,Little birdy,213
Simple syrup,Little birdy,213
Cane sugar syrup,Little Miss Annabelle,213
Orgeat,Maggie Smith,213
Acacia honey syrup,Maggie Smith,213
Orgeat,Morning buzz,213
Acacia honey syrup,Morning buzz,213
Honey nut Cheerio-infused cream,Morning buzz,213
Simple syrup,Mucho Picchu,213
Acacia honey syrup,Peachy Pachacuti,214
House Peychaud's bitters,Poire man's cobbler,214
Simple syrup,Sloe Scobeyville sling,214
Simple syrup,Solera sildecar,215
Cane sugar syrup,Stick the landing,215
Simple syrup,Black magic,216
Cinnamon orange tea-infused sweet vermouth,Black market brandy,216
House Peychaud's bitters,Black market brandy,216
House Peychaud's bitters,Castle of Córdoba,216
Toby's sour cherry shrub,Jarnac shrub,216
House orange bitters,Jarnac shrub,216
Demerara syrup,Legend,217
House Peychaud's bitters,Little sparrow,218
House Peychaud's bitters,Sidewinder,219
Ginger syrup,The Bittenbender,220
Simple syrup,Bitter French,220
Acacia honey syrup,Boomin' granny,220
Acacia honey syrup,Cider house rules,221
Curried ginger syrup,Dark 'n' bubbly,221
Hibiscus syrup,Dick and Jane,221
House Peychaud's bitters,Dick and Jane,221
Tarragon and agave nectar gastrique,Dragon lily,222
House Peychaud's bitters,Dragon lily,222
Grenadine,Drunken skull,222
House orange bitters,Elder fashion royale,222
Sage-infused Dolin Blanc vermouth,Fair lady,222
Cane sugar syrup,Fair lady,222
Cane sugar syrup,Fancy Holland royale,223
Ginger syrup,Flaquita,223
Acacia honey syrup,Green flash,223
House Peychaud's bitters,Irish Seelbach,223
Espresso-infused demerara syrup,Iron chancellor,223
Toby's lime cordial,Jane Rose,224
Grenadine,Jane Rose,224
Simple syrup,Lily's cartel,224
Simple syrup,Miss Behavin',226
Acacia honey syrup,Morfeo,226
Simple syrup,North by northwest,226
Vanilla syrup,Pillow talk,226
Acacia honey syrup,Radio days,226
Rose-infused Lillet Rosé,Run for the roses,227
Cane sugar syrup,Run for the roses,227
House orange bitters,Seda de naranja,227
House Peychaud's bitters,South sider,227
Cinnamon bark syrup,Susie Q,227
Ginger syrup,Susie Q,227
Vanilla syrup,Susie Q,227
Coffee- and chile-infused Campari,Café Sandinista,229
Demerara syrup,Café Sandinista,229
Bergerac mix,Cyrano de Bergerac,229
Acacia honey syrup,Derby girl,229
Cane sugar syrup,Fair fault,230
Simple syrup,Have at it,230
Acacia honey syrup,Melancholy summer,231
Basil-infused Dolin Blanc vermouth,Shoots and ladders,231
Jalapeño-infused Siembra Azul blanco tequila,Shoots and ladders,231
Cane sugar syrup,Shoots and ladders,231
Jalapeño-infused Siembra Azul blanco tequila,Stringer Bell,231
Cane sugar syrup,Stringer Bell,231
House Peychaud's bitters,Billingsley punch,232
Blueberry syrup,Bloodhound punch,233
Chamomile-infused Old Overholt rye,Bookhouse Boys punch,233
Donn's mix #1,Bookhouse Boys punch,233
Acacia honey syrup,Bookhouse Boys punch,233
Ginger syrup,Bookhouse Boys punch,233
Fuji apple-infused Famous Grouse scotch,Drunken punch,234
House Peychaud's bitters,Drunken punch,234
Jalapeño-infused Siembra Azul blanco tequila,East River underground,234
Donn's spices #2,Evil Dead punch,234
Cane sugar syrup,Evil Dead punch,234
Ginger syrup,Evil Dead punch,234
Donn's mix #1,Hoist the colors punch,235
Cinnamon orange tea-infused sweet vermouth,Jersey lightning,236
Cinnamon orange tea-infused sweet vermouth,Light out punch,237
Demerara syrup,Light out punch,237
Grapefruit-infused Punt e Mes,Lust for life punch,237
Cinnamon orange tea-infused sweet vermouth,Mother's ruin punch,237
Pecan-infused Buffalo Trace bourbon,Nuts and sherry punch,238
Orgeat,P-five punch,238
Cane sugar syrup,Pic-a-de-crop punch,239
Strawberry- and pineapple-infused Macchu pisco,Pisco punch,239
Spiced pear-infused Siembra Azul blanco tequila,Porfirian punch,239
Cinnamon orange tea-infused sweet vermouth,Porfirian punch,239
Cane sugar syrup,Razzle-dazzle punch,241
Coconut green tea-infused Famous Grouse scotch,Rugby punch,241
Scarlet glow tea-infused Macchu pisco,Valley of kings punch,241
Simple syrup,Chamomile julep,242
Demerara syrup,Double-barrel julep,242
Demerara syrup,Just another julep,243
Simple syrup,Not-quite-Georgia julep,244
Demerara syrup,Racketeer juelp,244
Vanilla syrup,Racketeer juelp,244
Demerara syrup,Zihuatanejo julep,244
Simple syrup,Celine fizz,245
Simple syrup,Chinese fizz,245
Demerara syrup,Jack Sparrow flip,245
Dried currant-infused Wild Turkey rye,Jelly Roll Morton,246
Simple syrup,Jelly Roll Morton,246
Demerara syrup,Le Gigot flip,246
Orgeat,Pearls before swine,246
Dried currant-infused Wild Turkey rye,Raisin burn,246
Espresso-infused demerara syrup,Saturday morning flip,247
Pumpkin puree,Sleepy Hollow fizz,247
Cane sugar syrup,6th Street swizzle,248
Pecan-infused Buffalo Trace bourbon,Bourbonnais swizzle,248
Vanilla syrup,Cirque swizzle,248
Simple syrup,Cirque swizzle,248
Ginger syrup,Coffey Park swizzle,249
Ancho chile-infused Dolin Rouge vermouth,DJ Flamethrower,249
Cinnamon bark syrup,DJ Flamethrower,249
Cane sugar syrup,Dolly Dagger,249
Vanilla syrup,Dolly Dagger,249
Ginger syrup,Dolores Park swizzle,249
Simple syrup,Hyde Park swizzle,250
Cane sugar syrup,Jalisco swizzle,250
Cane sugar syrup,Myra Breckenridge,250
Ginger syrup,Park life swizzle,251
Vanilla syrup,Robert Johnson swizzle,251
Dried currant-infused Wild Turkey rye,Sangria swizzle,251
Simple syrup,Sangria swizzle,251
Cinnamon bark syrup,Snake hips swizzle,251
Cinnamon orange tea-infused sweet vermouth,Black market sling,252
Simple syrup,Black market sling,252
House Peychaud's bitters,Coin toss,252
Simple syrup,Electric Kool-Aid Acide Test,252
Acacia honey syrup,Great Northern,254
Cane sugar syrup,Over and out,254
Simple syrup,Slap 'n' pickle,254
Grenadine,Slap 'n' pickle,254
Demerara syrup,Alembic,255
Simple syrup,Bay City Roller,255
House orange bitters,Cooper Union,255
Cane sugar syrup,Creole Saz,255
House Peychaud's bitters,Creole Saz,255
Demerara syrup,Devil inside,256
House Peychaud's bitters,Devil inside,256
Cane sugar syrup,Enemy lines,256
House Peychaud's bitters,Enemy lines,256
Cane sugar syrup,Guns and rosé,256
House Peychaud's bitters,Guns and rosé,256
Cane sugar syrup,Latin Quarter,257
House Peychaud's bitters,Latin Quarter,257
Demerara syrup,Saz who?,257
House Peychaud's bitters,Saz who?,257
Coffee- and chile-infused Campari,Mañanita,259
House sweet vermouth,Mañanita,259
Grapefruit-infused Punt e Mes,"Uno, dos, tres",259
Cane sugar syrup,Angus story daiquiri,260
Simple syrup,Arrackuiri,260
Demerara syrup,Autumn daiquiri,260
Cinnamon bark syrup,Autumn daiquiri,260
Demerara syrup,Benjamin Barker daiquiri,261
Cinnamon bark syrup,Boukman daiquiri,261
Cane sugar syrup,D.W.B.,261
Granny Smith apple-infused Rhum Barbancourt,Granny's daiquiri,261
Simple syrup,Granny's daiquiri,261
Toby's lime cordial,Javanese daiquiri,262
Simple syrup,Jovencourt daiquiri,262
Simple syrup,La Bomba daiquiri,262
Cinnamon bark syrup,Linbaba daiquiri,262
Orgeat,Linbaba daiquiri,262
Ginger syrup,Linbaba daiquiri,262
Ginger syrup,Meridian daiquiri,263
Simple syrup,Mosquito Coast,263
Bergerac mix,Take two,263
Cane sugar syrup,Take two,263
Cane sugar syrup,Jillian's daiquiri,264
Cane sugar syrup,Eryn's daiquiri,264
Rich simple syrup,Ravi's daiquiri,264
Simple syrup,Dave's daiquiri,265
Simple syrup,Brian's daiquiri,265
Simple syrup,Alex's daiquri,265
Cane sugar syrup,Phil's daiquiri,265
Cane sugar syrup,Thomas's daiquiri,265
Demerara syrup,Joaquín's daiquiri,265
House orange bitters,The black prince,267
Chamomile-infused Old Overholt rye,Daisy Buchanan,267
Cinnamon bark syrup,Ingénue,267
Demerara syrup,Navigator,268
Vanilla syrup,Navigator,268
House Peychaud's bitters,Navigator,268
Cane sugar syrup,Orkney chapel,268
Ancho chile-infused Dolin Rouge vermouth,Pisco inferno,269
House orange bitters,Pisco inferno,269
Cinnamon bark syrup,Red ant,269
Simple syrup,St. James Infirmary,269
Red thai chile-infused Rittenhouse rye,Stolen Huffy,269
House sweet vermouth,Stolen Huffy,269
Cane sugar syrup,Stolen Huffy,269
Demerara syrup,Conference,270
Cane sugar syrup,Death from above,270
House orange bitters,Elder fashion,270
Cane sugar syrup,Headstone,271
House orange bitters,Headstone,271
Cinnamon bark syrup,Jekyll and Hyde,271
Demerara syrup,Jekyll and Hyde,271
Cane sugar syrup,La conferencia,271
Demerara syrup,North garden,272
Queen of Earl tea-infused Siembra Azul reposado tequila,Tea time at Guillermo's,272
House orange bitters,Tea time at Guillermo's,272
Acacia honey syrup,Tiki-tiki tom-tom,272